Participant,Word,Affix,LogRT,RT
Part_14,appetitlig,lig,6.454238984,635.3900002580641
Part_17,appetitlig,lig,6.842854025,937.1599996265992
Part_15,appetitlig,lig,6.839958121,934.4500000782024
Part_4,appetitlig,lig,6.834506937,929.3699997766746
Part_6,appetitlig,lig,6.795191101,893.5399996741766
Part_11,appetitlig,lig,7.062679945,1167.5700000944094
Part_12,appetitlig,lig,7.466502118,1748.4799998911378
Part_21,appetitlig,lig,6.926213866,1018.6299997900848
Part_10,appetitlig,lig,6.765822983,867.679999919522
Part_3,appetitlig,lig,6.707338996,818.3900003282293
Part_16,appetitlig,lig,6.649890875,772.7000000467185
Part_13,appetitlig,lig,6.703543878,815.2899998615032
Part_5,appetitlig,lig,6.950249475,1043.4100004230995
Part_22,appetitlig,lig,6.769538642,870.9099999936185
Part_8,appetitlig,lig,7.118866734,1235.049999910449
Part_9,appetitlig,lig,6.820954789,916.8600001419107
Part_18,appetitlig,lig,6.750539908,854.5200001862569
Part_7,appetitlig,lig,6.98953801,1085.2199995686483
Part_2,appetitlig,lig,6.853256854,946.9600003355662
Part_1,appetitlig,lig,6.895540987,987.8599997011148
Part_20,appetitlig,lig,6.742078427,847.3199997320302
Part_19,appetitlig,lig,6.743870712,848.8400003880478
Part_11,basere,ere,6.685736095,800.8999997359942
Part_17,basere,ere,7.16495237,1293.2999994552638
Part_5,basere,ere,6.515601185,675.6000000448297
Part_18,basere,ere,6.840803181,935.2400001469846
Part_20,basere,ere,6.445338794,629.7599997330866
Part_12,basere,ere,6.624596295,753.3999998056674
Part_1,basere,ere,6.687769237,802.5299996123723
Part_14,basere,ere,6.746400378,850.9900003208095
Part_15,basere,ere,6.78769841,886.869999888844
Part_4,basere,ere,6.972999801,1067.4200001680783
Part_7,basere,ere,6.561256949,707.1600002561173
Part_2,basere,ere,6.946918298,1039.9399998300105
Part_21,basere,ere,6.739312958,844.9799996298872
Part_19,basere,ere,6.576344213,717.9099999985149
Part_13,basere,ere,6.779569573,879.6900002794189
Part_8,basere,ere,6.960954755,1054.6399995257136
Part_10,basere,ere,6.673891976,791.4700000899275
Part_16,basere,ere,6.57546628,717.279999707974
Part_22,basere,ere,6.919911097,1012.2300002508814
Part_3,basere,ere,6.7538579,857.3599996529906
Part_17,blokere,ere,6.399293526,601.4200001575219
Part_20,blokere,ere,6.952307906,1045.5599999673827
Part_5,blokere,ere,6.456942325,637.1099999220704
Part_8,blokere,ere,6.998135143,1094.5900000977117
Part_15,blokere,ere,6.778022377,878.3299997947009
Part_4,blokere,ere,6.800760095,898.5300003164174
Part_11,blokere,ere,6.659140062,779.8800002384419
Part_13,blokere,ere,6.619126091,749.2899996314949
Part_21,blokere,ere,6.696725558,809.7499999583474
Part_9,blokere,ere,6.493935366,661.119999675245
Part_2,blokere,ere,6.746412129,851.0000003630589
Part_3,blokere,ere,6.578195099,719.2400000262978
Part_22,blokere,ere,6.960101019,1053.7399996268994
Part_1,blokere,ere,6.565405805,710.0999998664672
Part_14,blokere,ere,6.750083407,854.1299999761673
Part_18,blokere,ere,6.74222004,847.4399997557335
Part_19,blokere,ere,6.612484485,744.3300000880693
Part_6,blokere,ere,6.633107885,759.8400001513514
Part_7,blokere,ere,6.5806530070000004,721.0100001339014
Part_12,blokere,ere,6.561426627,707.2799999310058
Part_10,blokere,ere,6.414180009,610.4400002303348
Part_16,blokere,ere,6.462904644,640.9199999104768
Part_1,byttede,ede,7.256939235,1417.909999429733
Part_6,byttede,ede,6.442747151,628.1299997394746
Part_3,byttede,ede,6.977113417,1071.8199999094863
Part_4,byttede,ede,6.597895762,733.5500003039444
Part_7,byttede,ede,6.75438263,857.8100002196823
Part_14,byttede,ede,6.440850842,626.9399998281715
Part_10,byttede,ede,6.453372999,634.8400002289501
Part_12,byttede,ede,6.651688146,774.0900000777126
Part_13,byttede,ede,6.550623088,699.6800002346654
Part_22,byttede,ede,6.892113583,984.4800000076988
Part_19,byttede,ede,6.609995934,742.4799997868059
Part_16,byttede,ede,6.510288102,672.0200000100567
Part_21,byttede,ede,6.633647327,760.2500003364306
Part_5,byttede,ede,6.398095642,600.7000000864315
Part_17,byttede,ede,6.436550929,624.2499999001933
Part_2,byttede,ede,6.50814301,670.5800003022924
Part_15,byttede,ede,6.630841684,758.1199996527056
Part_11,byttede,ede,6.650692934,773.3199996409468
Part_9,byttede,ede,6.579042857,719.8500000198937
Part_8,byttede,ede,6.702549873,814.4800001637589
Part_20,byttede,ede,6.478125544,650.7500000815554
Part_18,byttede,ede,6.425500915,617.3900000111657
Part_22,duftede,ede,6.663349786,783.1699999291769
Part_7,duftede,ede,6.754650718,858.0399996156822
Part_3,duftede,ede,6.654010758,775.8900003429023
Part_1,duftede,ede,7.487537774,1785.6500007373593
Part_13,duftede,ede,6.571638979,714.5399999943129
Part_17,duftede,ede,7.15216705,1276.870000313936
Part_10,duftede,ede,6.607055509,740.2999996675666
Part_2,duftede,ede,6.605135526,738.8799998772492
Part_12,duftede,ede,6.287542525,537.829999947372
Part_5,duftede,ede,6.567515956,711.6000001482406
Part_14,duftede,ede,6.638947298,764.2899997740354
Part_8,duftede,ede,6.742998553,848.099999688192
Part_16,duftede,ede,6.449110889,632.1400002512812
Part_21,duftede,ede,6.737476911,843.4300000080138
Part_4,duftede,ede,6.602723568,737.0999998560864
Part_19,duftede,ede,6.89074136,983.1300003707606
Part_6,duftede,ede,6.643203624,767.5500000620099
Part_9,duftede,ede,6.57575901,717.489999817455
Part_20,duftede,ede,6.45927828,638.5999998207569
Part_11,duftede,ede,6.801383141,899.0900002737453
Part_18,duftede,ede,6.650615344,773.260000069888
Part_15,duftede,ede,6.289919632,539.1100001510443
Part_1,dyrkede,ede,6.551051763,699.9799998553408
Part_17,dyrkede,ede,6.734341926,840.7899999519152
Part_3,dyrkede,ede,6.642512877,767.0200002710731
Part_12,dyrkede,ede,6.625644326,754.1900002610379
Part_21,dyrkede,ede,6.7800469,880.1100002988828
Part_4,dyrkede,ede,6.794373792,892.8099997489733
Part_22,dyrkede,ede,6.700226677,812.5899997560575
Part_7,dyrkede,ede,7.057105885,1161.0799994898312
Part_10,dyrkede,ede,6.67179241,789.8099998375615
Part_20,dyrkede,ede,7.026355758,1125.9199997542808
Part_15,dyrkede,ede,6.542270211,693.8599999652215
Part_14,dyrkede,ede,6.712980502,823.0200002317864
Part_19,dyrkede,ede,7.153786889,1278.9400002190434
Part_2,dyrkede,ede,6.623932417,752.9000001083598
Part_8,dyrkede,ede,6.844591812,938.789999977376
Part_6,dyrkede,ede,6.826556069,922.0099995530448
Part_5,dyrkede,ede,6.353117082,574.2799998509781
Part_9,dyrkede,ede,6.55639476,703.7300000935122
Part_18,dyrkede,ede,6.643203624,767.5500000620099
Part_11,dyrkede,ede,6.60992859,742.4299998973157
Part_16,dyrkede,ede,6.370568568,584.3899999049081
Part_13,dyrkede,ede,6.54375356,694.8900002383863
Part_1,dystede,ede,6.950278226,1043.439999935278
Part_20,dystede,ede,7.199626067,1338.9300006622725
Part_21,dystede,ede,6.91499898,1007.2700000825848
Part_22,dystede,ede,7.141348047,1263.1300005223443
Part_3,dystede,ede,7.176988208,1308.9600003070975
Part_16,dystede,ede,6.398078994,600.6899997160729
Part_10,dystede,ede,6.462530112,640.6799998077348
Part_2,dystede,ede,6.625445417,754.0400000009715
Part_17,dystede,ede,6.870572488,963.500000140265
Part_8,dystede,ede,7.036465066,1137.3599996275798
Part_15,dystede,ede,6.961068532,1054.7600001274636
Part_14,dystede,ede,6.862590535,955.83999997348
Part_11,dystede,ede,6.69435164,807.8299997211857
Part_19,dystede,ede,7.048673075,1151.3300001838154
Part_6,dystede,ede,6.489068144,657.9100000955048
Part_13,dystede,ede,6.625829938,754.3299999677773
Part_18,dystede,ede,6.895632089,987.9499998223408
Part_12,dystede,ede,6.4521909,634.0899998741888
Part_1,flytbar,bar,6.791412456,890.1700002476298
Part_9,flytbar,bar,6.751347053,855.2100001593607
Part_19,flytbar,bar,6.789005526,888.0299998176926
Part_22,flytbar,bar,7.016726269,1115.129999970829
Part_13,flytbar,bar,6.663796588,783.5200000360364
Part_5,flytbar,bar,6.807238569,904.370000279959
Part_15,flytbar,bar,6.706446602,817.659999774779
Part_12,flytbar,bar,7.2572072,1418.2900005939623
Part_21,flytbar,bar,6.94631231,1039.3099995749697
Part_7,flytbar,bar,6.664740598,784.2599999799892
Part_2,flytbar,bar,6.918151055,1010.449999834026
Part_20,flytbar,bar,6.628715752,756.5100000668014
Part_17,flytbar,bar,6.908924595,1001.1699999343836
Part_6,flytbar,bar,6.651261748,773.7600000105435
Part_11,flytbar,bar,6.672083577,790.0399999283777
Part_16,flytbar,bar,6.655491829,777.0399999268997
Part_10,flytbar,bar,6.664715096,784.2400000364902
Part_14,flytbar,bar,6.639980404,765.0800003654533
Part_3,flytbar,bar,6.646546347,770.1200001069429
Part_18,flytbar,bar,6.631843662,758.8799999018981
Part_8,flytbar,bar,7.061102779,1165.7299997620314
Part_4,flytbar,bar,7.113720118,1228.7100005853968
Part_19,flF8jtende,ende,6.795358959,893.6900001004748
Part_16,flF8jtende,ende,6.686522401,801.5299998651681
Part_17,flF8jtende,ende,7.018867223,1117.519999531429
Part_11,flF8jtende,ende,6.900227013,992.5000004353648
Part_10,flF8jtende,ende,6.775137754,875.7999996783205
Part_18,flF8jtende,ende,6.961078013,1054.770000354431
Part_15,flF8jtende,ende,6.789388323,888.3700001089262
Part_13,flF8jtende,ende,6.828939319,924.2100004192002
Part_9,flF8jtende,ende,6.827835064,923.1900001790176
Part_20,flF8jtende,ende,6.78971471,888.6599998516506
Part_5,flF8jtende,ende,6.763538428,865.6999998080503
Part_1,flF8jtende,ende,6.971996881,1066.3499999535052
Part_4,flF8jtende,ende,6.870780043,963.700000137576
Part_6,flF8jtende,ende,6.807680768,904.7700002229824
Part_2,flF8jtende,ende,6.786908806,886.1700001871029
Part_14,flF8jtende,ende,6.803538553,901.02999964731
Part_12,flF8jtende,ende,6.968125751,1062.230000150674
Part_22,flF8jtende,ende,6.925614843,1018.0199997119988
Part_3,flF8jtende,ende,6.92987874,1022.3699995197323
Part_7,flF8jtende,ende,6.54740215,697.4299998351706
Part_8,flF8jtende,ende,6.899662622,991.9400004119708
Part_21,flF8jtende,ende,6.953196986,1046.4899998130245
Part_22,frugtbar,bar,6.843622009,937.8799999507282
Part_1,frugtbar,bar,6.667796135,786.6600002050305
Part_9,frugtbar,bar,6.775776965,876.3599996319127
Part_12,frugtbar,bar,6.947994704,1041.0600001648672
Part_13,frugtbar,bar,6.632726153,759.5500002630538
Part_5,frugtbar,bar,6.501800051,666.3400001434351
Part_11,frugtbar,bar,6.839904612,934.3999999308892
Part_21,frugtbar,bar,6.742326237,847.5300001201874
Part_7,frugtbar,bar,6.685261517,800.5200003927155
Part_4,frugtbar,bar,7.168456623,1297.839999867434
Part_18,frugtbar,bar,6.706788984,817.9399997715664
Part_17,frugtbar,bar,6.673095672,790.8400002319692
Part_6,frugtbar,bar,6.753636265,857.1699997255623
Part_3,frugtbar,bar,6.648388518,771.5400003777439
Part_8,frugtbar,bar,7.23789321,1391.1599993457232
Part_10,frugtbar,bar,6.631039523,758.2700001928063
Part_19,frugtbar,bar,6.740885723,846.3100002140328
Part_20,frugtbar,bar,6.5479898499999996,697.8399999127954
Part_14,frugtbar,bar,6.88216051,974.730000418502
Part_15,frugtbar,bar,6.597309399,733.1199998056276
Part_16,frugtbar,bar,6.788160603,887.2799997369335
Part_2,frugtbar,bar,6.670195816,788.5500000523857
Part_13,gangbar,bar,6.446481434,630.4799999713798
Part_9,gangbar,bar,6.528133341,684.1200001152806
Part_22,gangbar,bar,6.839926016,934.420000042528
Part_21,gangbar,bar,6.751674404,855.4899998347095
Part_11,gangbar,bar,6.847601796,941.6199998471816
Part_12,gangbar,bar,6.646663205,770.2100000484198
Part_17,gangbar,bar,6.367620988,582.6699997932651
Part_5,gangbar,bar,6.481332076,652.839999815576
Part_7,gangbar,bar,6.811827909,908.530000222607
Part_8,gangbar,bar,6.820605711,916.5400003424757
Part_4,gangbar,bar,6.823090238,918.8199999073
Part_10,gangbar,bar,6.425533309,617.4100000667656
Part_19,gangbar,bar,6.439270496,625.9500001842349
Part_6,gangbar,bar,6.307624741,548.7400000061941
Part_18,gangbar,bar,6.754918735,858.269999742855
Part_3,gangbar,bar,6.416585213,611.9100000767412
Part_15,gangbar,bar,6.493420955,660.7799997324454
Part_16,gangbar,bar,6.513126248,673.9300000323682
Part_14,gangbar,bar,6.801505479,899.1999998746278
Part_2,gangbar,bar,6.669472709,787.980000137799
Part_1,gangbar,bar,6.593345859,730.2200002901347
Part_20,gangbar,bar,6.438343475,625.370000266702
Part_21,gemytlig,lig,6.775114918,875.7800001378832
Part_14,gemytlig,lig,6.675621436,792.8400001349457
Part_16,gemytlig,lig,6.49234589,660.0699999983477
Part_13,gemytlig,lig,6.509126748,671.2399999107512
Part_10,gemytlig,lig,6.676024967,793.1600002136737
Part_6,gemytlig,lig,6.626201059,754.6099996253579
Part_15,gemytlig,lig,6.63522451,761.4499997733161
Part_9,gemytlig,lig,6.896967297,989.2699996067332
Part_18,gemytlig,lig,6.756944017,860.0099999252426
Part_4,gemytlig,lig,6.911348814,1003.5999995059608
Part_22,gemytlig,lig,6.766652438,868.3999999964079
Part_1,gemytlig,lig,6.57323314,715.68000022577
Part_7,gemytlig,lig,6.723459775,831.6899998035813
Part_20,gemytlig,lig,6.543033762,694.3899997772488
Part_3,gemytlig,lig,6.584224934,723.5900002635989
Part_17,gemytlig,lig,6.580985818,721.2500001281596
Part_5,gemytlig,lig,6.388964686,595.2400002608044
Part_19,gemytlig,lig,6.562557082,708.0800002403068
Part_12,gemytlig,lig,6.515956362,675.8400002447977
Part_8,gemytlig,lig,6.729202611,836.480000003511
Part_2,gemytlig,lig,6.665925727,785.1900002257853
Part_11,gemytlig,lig,6.655942155,777.3900000430683
Part_17,husere,ere,6.556011016,703.4599997371784
Part_20,husere,ere,6.676604757,793.6199997888882
Part_6,husere,ere,6.664715096,784.2400000364902
Part_4,husere,ere,7.11651589,1232.1500000876135
Part_18,husere,ere,6.673993049,791.5500003801129
Part_21,husere,ere,6.909623533,1001.870000291726
Part_1,husere,ere,7.731461314,2278.930001030108
Part_14,husere,ere,6.735542456,841.7999997167594
Part_8,husere,ere,6.826686211,922.12999958676
Part_15,husere,ere,6.505574771,668.8600002239417
Part_12,husere,ere,6.7402474550000004,845.7699999735859
Part_7,husere,ere,6.711497056,821.7999996307574
Part_19,husere,ere,7.447407398,1715.4099998568338
Part_11,husere,ere,6.684211648,799.6800002826167
Part_10,husere,ere,6.840803181,935.2400001469846
Part_9,husere,ere,6.837279165,931.9499998342876
Part_22,husere,ere,7.346771211,1551.1800006183264
Part_2,husere,ere,6.713089849,823.1099999202604
Part_16,husere,ere,6.517508778,676.8899998818615
Part_21,huskbar,bar,7.264436223,1428.5800001387584
Part_5,huskbar,bar,6.717961877,827.1299997109451
Part_17,huskbar,bar,6.933539978,1026.1200000452884
Part_19,huskbar,bar,6.792557648,891.1899997467121
Part_4,huskbar,bar,7.022654159,1121.7599994854963
Part_13,huskbar,bar,6.623294679,752.4200002414366
Part_11,huskbar,bar,6.693212138,806.9100000911016
Part_18,huskbar,bar,6.846549864,940.6300004348244
Part_9,huskbar,bar,7.015990658,1114.3099997140012
Part_16,huskbar,bar,6.648531079,771.6499997323602
Part_8,huskbar,bar,7.024070571,1123.3499995916784
Part_14,huskbar,bar,7.096961416,1208.2900001103887
Part_15,huskbar,bar,6.872615029,965.4699996114985
Part_10,huskbar,bar,6.784875527,884.3699999068111
Part_7,huskbar,bar,6.822981397,918.720000061831
Part_1,huskbar,bar,6.889479286,981.8900002092475
Part_6,huskbar,bar,6.975488691,1070.0799999826352
Part_20,huskbar,bar,6.713527119,823.469999932792
Part_4,hE6derlig,lig,6.79125517,890.0299999793011
Part_10,hE6derlig,lig,6.764035013,866.1300001994905
Part_18,hE6derlig,lig,6.534457219,688.4599998843415
Part_16,hE6derlig,lig,6.61269942,744.4899998507965
Part_14,hE6derlig,lig,6.705112641,816.5700003937856
Part_15,hE6derlig,lig,6.990845646,1086.6400005278515
Part_19,hE6derlig,lig,6.730242143,837.349999848869
Part_17,hE6derlig,lig,6.497950769,663.7799998175439
Part_1,hE6derlig,lig,6.789939743,888.8600001798898
Part_20,hE6derlig,lig,6.784852912,884.350000105412
Part_3,hE6derlig,lig,6.697527953,810.4000000531024
Part_11,hE6derlig,lig,6.723531915,831.7500000843507
Part_8,hE6derlig,lig,6.906003746,998.2500000565698
Part_2,hE6derlig,lig,6.744377157,849.2700000384401
Part_12,hE6derlig,lig,6.777783259,878.120000390129
Part_13,hE6derlig,lig,6.690295544,804.5599998903986
Part_5,hE6derlig,lig,6.652140188,774.4400003709841
Part_22,hE6derlig,lig,6.709523828,820.1799997013363
Part_9,hE6derlig,lig,6.749614985,853.7300003849367
Part_21,hE6derlig,lig,6.814564851,911.0200000767156
Part_6,hE6derlig,lig,6.726605036,834.3100000564618
Part_17,jE6vnlig,lig,6.906324256,998.5700004430112
Part_1,jE6vnlig,lig,6.66190589,782.0399998965444
Part_2,jE6vnlig,lig,6.800270286,898.0900000023458
Part_13,jE6vnlig,lig,6.7133328,823.3099996119296
Part_14,jE6vnlig,lig,7.092947711,1203.4500001591264
Part_10,jE6vnlig,lig,6.77219898,873.2299995844207
Part_3,jE6vnlig,lig,6.680402883,796.6400000845455
Part_21,jE6vnlig,lig,6.772645499,873.6200004355208
Part_4,jE6vnlig,lig,6.719242597,828.1900002812522
Part_8,jE6vnlig,lig,6.771419959,872.5499999782909
Part_12,jE6vnlig,lig,6.959037573,1052.6199996745431
Part_7,jE6vnlig,lig,6.702881318,814.7500002300278
Part_20,jE6vnlig,lig,6.726581064,834.2900002168602
Part_5,jE6vnlig,lig,6.483275533,654.1099999787156
Part_22,jE6vnlig,lig,7.258398066,1419.9800000155108
Part_6,jE6vnlig,lig,6.839936718,934.4300002588795
Part_19,jE6vnlig,lig,6.578375829,719.3700000185976
Part_11,jE6vnlig,lig,6.809039306,905.9999999610606
Part_18,jE6vnlig,lig,6.669777239,788.2200002290003
Part_15,jE6vnlig,lig,6.657985372,778.9800003114227
Part_9,jE6vnlig,lig,6.70638545,817.609999759289
Part_16,jE6vnlig,lig,6.481224847,652.7700001882978
Part_14,klikbar,bar,7.405829954,1645.5500002917645
Part_16,klikbar,bar,6.571848882,714.6899998260883
Part_3,klikbar,bar,7.175497365,1307.0100003864002
Part_13,klikbar,bar,6.922525658,1014.8800001161152
Part_15,klikbar,bar,6.67086771,789.0800000981075
Part_2,klikbar,bar,6.867953597,960.97999990467
Part_11,klikbar,bar,6.812334093,908.9899999846774
Part_8,klikbar,bar,7.444733912,1710.8300002483456
Part_9,klikbar,bar,7.073854292,1180.6899996159966
Part_19,klikbar,bar,6.709645745,820.2799996820853
Part_22,klikbar,bar,6.931354611,1023.879999761987
Part_7,klikbar,bar,6.784875527,884.3699999068111
Part_5,klikbar,bar,6.851280161,945.0899999488504
Part_12,klikbar,bar,7.098846602,1210.5699999391695
Part_6,klikbar,bar,6.806818298,903.989999652786
Part_20,klikbar,bar,6.685548788,800.7499996082191
Part_17,kongelig,lig,6.671273163,789.3999998194276
Part_4,kongelig,lig,6.723062914,831.3599999649331
Part_11,kongelig,lig,6.789050569,888.0700002538366
Part_10,kongelig,lig,6.751814665,855.6100001330608
Part_20,kongelig,lig,6.55484467,702.6400002748289
Part_14,kongelig,lig,6.443940459,628.8799996946783
Part_9,kongelig,lig,6.664727847,784.2499999444849
Part_6,kongelig,lig,6.485199962,655.3700002335204
Part_19,kongelig,lig,6.51174533,673.0000002390983
Part_5,kongelig,lig,6.533381778,687.7199997581656
Part_22,kongelig,lig,6.724673433,832.6999997986754
Part_18,kongelig,lig,6.613102299,744.7899996652013
Part_15,kongelig,lig,6.552251078,700.8199999805574
Part_21,kongelig,lig,6.743576149,848.5900003532015
Part_16,kongelig,lig,6.555314217,702.9700002482242
Part_3,kongelig,lig,6.841722308,936.0999996464355
Part_7,kongelig,lig,6.806253974,903.4800003161896
Part_1,kongelig,lig,6.746412129,851.0000003630589
Part_2,kongelig,lig,6.586916205,725.5399998589013
Part_8,kongelig,lig,6.658537223,779.409999840497
Part_13,kongelig,lig,6.799902772,897.7599999976105
Part_13,kostbar,bar,6.62915187,756.8399996491594
Part_4,kostbar,bar,6.775982339,876.5399996735081
Part_17,kostbar,bar,6.751873101,855.6600000199109
Part_9,kostbar,bar,6.887787238,980.2299999942468
Part_22,kostbar,bar,6.749603271,853.7199998502853
Part_2,kostbar,bar,6.616546997,747.3600001840019
Part_3,kostbar,bar,6.782192056,881.9999999940104
Part_16,kostbar,bar,6.493057682,660.5399997949902
Part_12,kostbar,bar,6.60791965,740.9399997349022
Part_11,kostbar,bar,6.547100999,697.2199997157508
Part_21,kostbar,bar,6.655517567,777.0599996397935
Part_15,kostbar,bar,6.688354714,803.0000000427503
Part_14,kostbar,bar,6.767596258,869.2200001898246
Part_5,kostbar,bar,6.478140911,650.7600002336424
Part_8,kostbar,bar,6.809579999,906.4900002769728
Part_20,kostbar,bar,6.47450779,648.4000000897895
Part_10,kostbar,bar,6.617068698,747.7500003663544
Part_19,kostbar,bar,6.704328567,815.9300000239094
Part_18,kostbar,bar,6.668393419,787.1299999842947
Part_1,kostbar,bar,6.54867745,698.3199997017512
Part_6,kostbar,bar,6.507456801,670.1200001170488
Part_21,lignede,ede,6.818530545,914.6399997862352
Part_22,lignede,ede,6.749708687,853.8100003414522
Part_20,lignede,ede,6.636641852,762.530000022955
Part_17,lignede,ede,6.950795611,1043.9799998215192
Part_1,lignede,ede,6.860485459,953.830000472801
Part_19,lignede,ede,6.780205958,880.2499999690485
Part_16,lignede,ede,7.39272141,1624.120000621409
Part_3,lignede,ede,6.815914075,912.2499997112212
Part_4,lignede,ede,6.858502008,951.940000385432
Part_7,lignede,ede,6.706446602,817.659999774779
Part_6,lignede,ede,6.70264809,814.5599998745369
Part_15,lignede,ede,6.89852279,990.8099995853156
Part_12,lignede,ede,6.685786038,800.9400000835411
Part_18,lignede,ede,6.923077295,1015.439999918844
Part_14,lignede,ede,6.69952497,812.0199996750106
Part_2,lignede,ede,7.028228027,1128.029999493487
Part_10,lignede,ede,6.829599124,924.8200000167888
Part_8,lignede,ede,6.912573652,1004.8300000440814
Part_13,lignede,ede,6.955945263,1049.369999916537
Part_11,lignede,ede,7.064929953,1170.1999995855904
Part_9,lignede,ede,6.738685528,844.4500001149044
Part_6,livlig,lig,6.5572186,704.309999897504
Part_14,livlig,lig,6.552564947,701.0400001769456
Part_11,livlig,lig,6.859509966,952.8999996625377
Part_8,livlig,lig,6.6577799539999996,778.8200002317294
Part_21,livlig,lig,6.751604266,855.4299995812746
Part_4,livlig,lig,6.736516085,842.619999731804
Part_18,livlig,lig,6.81604561,912.3700004069054
Part_16,livlig,lig,6.624091788,753.0200000962825
Part_17,livlig,lig,6.665467134,784.8300001410802
Part_1,livlig,lig,6.91858641,1010.890000064904
Part_13,livlig,lig,6.657972534,778.969999830372
Part_5,livlig,lig,6.872221361,965.0899997694876
Part_3,livlig,lig,6.649735563,772.5799997832934
Part_15,livlig,lig,6.666422298,785.5799996325707
Part_12,livlig,lig,6.679360464,795.8100000913379
Part_20,livlig,lig,6.592934939,729.9199999299108
Part_22,livlig,lig,6.837954939,932.580000258454
Part_2,livlig,lig,6.629534969,757.1299998420297
Part_7,livlig,lig,6.574029268,716.2499999792652
Part_9,livlig,lig,6.584197293,723.5699997888195
Part_10,livlig,lig,6.64167813,766.3799997833132
Part_19,livlig,lig,6.688989631,803.5100002805555
Part_16,lovende,ende,6.953521829,1046.8299999843814
Part_13,lovende,ende,6.802650286,900.2299997919504
Part_11,lovende,ende,6.825405746,920.9500000321306
Part_10,lovende,ende,6.726557091,834.2700000224181
Part_17,lovende,ende,6.781080327,881.0199998642339
Part_2,lovende,ende,6.621245852,750.879999965379
Part_21,lovende,ende,6.96230975,1056.0700000548627
Part_15,lovende,ende,6.826751276,922.1899999271232
Part_1,lovende,ende,7.308703535,1493.2400003169932
Part_9,lovende,ende,6.93579837,1028.439999993027
Part_12,lovende,ende,6.704720681,816.2500003341397
Part_14,lovende,ende,6.740377506,845.8800003605269
Part_8,lovende,ende,7.228446505,1378.0799999436867
Part_22,lovende,ende,6.726581064,834.2900002168602
Part_4,lovende,ende,6.765822983,867.679999919522
Part_19,lovende,ende,6.77388097,874.6999996275442
Part_20,lovende,ende,6.975619514,1070.2200002158986
Part_6,lovende,ende,6.988228663,1083.7999998569237
Part_5,lovende,ende,6.767343125,868.9999997693743
Part_7,lovende,ende,6.66952347,788.0199998057889
Part_18,lovende,ende,6.996827864,1093.1600004848592
Part_3,lovende,ende,6.930035227,1022.5299996524908
Part_1,lyttede,ede,6.621272487,750.8999999205258
Part_2,lyttede,ede,6.552265347,700.830000052482
Part_8,lyttede,ede,6.941209397,1034.0199997507168
Part_17,lyttede,ede,6.903596644,995.8500001660304
Part_13,lyttede,ede,6.476387577,649.6200002917689
Part_19,lyttede,ede,6.59875423,734.1799998841542
Part_16,lyttede,ede,6.540726923,692.7900000250008
Part_4,lyttede,ede,6.675608823,792.8300001070893
Part_20,lyttede,ede,6.350606446,572.8400002231199
Part_18,lyttede,ede,6.485596605,655.6299997166012
Part_15,lyttede,ede,6.640842687,765.7400003559001
Part_14,lyttede,ede,6.595001522,731.4299999258818
Part_5,lyttede,ede,6.484039638,654.6099997020663
Part_7,lyttede,ede,6.486678947,656.3399997638786
Part_3,lyttede,ede,7.077244857,1184.700000046543
Part_9,lyttede,ede,6.52451633,681.6500002507527
Part_11,lyttede,ede,6.755314803,858.610000352349
Part_21,lyttede,ede,6.730146599,837.269999902302
Part_10,lyttede,ede,6.944183636,1037.1000004193113
Part_22,lyttede,ede,7.131370719,1250.590000075804
Part_12,lyttede,ede,6.767515723,869.1500003758644
Part_6,lyttede,ede,6.58414201,723.5299997741918
Part_15,lF8ftede,ede,6.666205874,785.4099996634308
Part_11,lF8ftede,ede,6.768929898,870.3800000900799
Part_16,lF8ftede,ede,6.485306766,655.4400001090919
Part_21,lF8ftede,ede,6.908075228,1000.3200002070096
Part_19,lF8ftede,ede,6.549793794,699.1000003370086
Part_17,lF8ftede,ede,6.687943671,802.6700003404131
Part_5,lF8ftede,ede,6.596831874,732.7700002511399
Part_4,lF8ftede,ede,6.908914607,1001.160000298362
Part_1,lF8ftede,ede,6.640816568,765.7200002540231
Part_9,lF8ftede,ede,6.640019614,765.1099997404013
Part_13,lF8ftede,ede,6.605893143,739.4400000321494
Part_14,lF8ftede,ede,7.434989542,1694.2400005385243
Part_18,lF8ftede,ede,6.677612289,794.4200002798881
Part_20,lF8ftede,ede,6.813609421,910.14999991635
Part_3,lF8ftede,ede,6.715007558,824.6899998809513
Part_22,lF8ftede,ede,7.3995204,1635.1999999846532
Part_8,lF8ftede,ede,7.117886536,1233.839999487514
Part_10,lF8ftede,ede,6.797326385,895.4499998094943
Part_12,lF8ftede,ede,6.712007999,822.2199998769245
Part_7,lF8ftede,ede,6.665862046,785.1400001334255
Part_2,lF8ftede,ede,6.652953348,775.0700001122659
Part_6,lF8ftede,ede,6.673651887,791.2799996584953
Part_16,manglede,ede,6.656713671,777.9900002914758
Part_17,manglede,ede,6.803161136,900.689999772835
Part_19,manglede,ede,6.776472784,876.969999770728
Part_15,manglede,ede,6.757827337,860.7699995704036
Part_12,manglede,ede,6.964371879,1058.2499995756066
Part_22,manglede,ede,6.802339206,899.949999797072
Part_13,manglede,ede,6.495069162,661.8699999797263
Part_3,manglede,ede,6.835421117,930.2199997103436
Part_10,manglede,ede,6.685761067,800.9200000605101
Part_1,manglede,ede,6.748220129,852.5400001039766
Part_11,manglede,ede,6.832708405,927.7000003161362
Part_20,manglede,ede,6.607555182,740.6700000211949
Part_21,manglede,ede,6.678241481,794.920000270206
Part_2,manglede,ede,6.648582915,771.6900000184654
Part_14,manglede,ede,6.755046892,858.3800000997192
Part_7,manglede,ede,6.584570373,723.8399996469826
Part_4,manglede,ede,6.883995231,976.5199995920116
Part_9,manglede,ede,6.728126094,835.5799995831406
Part_18,manglede,ede,6.692728696,806.5200001856003
Part_6,manglede,ede,6.575800822,717.5200001365097
Part_5,manglede,ede,6.62125917,750.8900002518102
Part_8,manglede,ede,6.824101894,919.7500000139032
Part_1,motivere,ere,6.883800644,976.3299999811776
Part_8,motivere,ere,7.069270205,1175.2900004269968
Part_6,motivere,ere,6.722786221,831.1300002935797
Part_13,motivere,ere,6.608149062,741.1099997613985
Part_18,motivere,ere,7.196851351,1335.2199996464346
Part_3,motivere,ere,6.724565345,832.6099997851454
Part_2,motivere,ere,6.701456554,813.5900003199845
Part_12,motivere,ere,6.779114764,879.2900003187681
Part_5,motivere,ere,6.629865109,757.3800000054339
Part_11,motivere,ere,6.977663731,1072.409999788623
Part_21,motivere,ere,6.882334902,974.9000003556184
Part_15,motivere,ere,6.865087833,958.2300003231778
Part_4,motivere,ere,6.990698392,1086.4800002218449
Part_10,motivere,ere,6.715952921,825.4699999268096
Part_17,motivere,ere,6.883503569,976.0399998244644
Part_20,motivere,ere,6.953378529,1046.6799999931402
Part_9,motivere,ere,6.953493171,1046.8000003601087
Part_22,motivere,ere,6.803571848,901.0599999405748
Part_16,motivere,ere,6.687794158,802.5499997117025
Part_7,motivere,ere,6.833128711,928.0900001463616
Part_14,motivere,ere,6.756595123,859.7099999334704
Part_19,motivere,ere,6.821423671,917.290000094238
Part_6,nemlig,lig,6.703163573,814.9799999491012
Part_4,nemlig,lig,6.816538709,912.8200000798122
Part_21,nemlig,lig,6.837450833,932.1099995598828
Part_15,nemlig,lig,6.836377423,931.1100001659472
Part_1,nemlig,lig,6.605027248,738.7999997598272
Part_9,nemlig,lig,6.606325809,739.7599998007213
Part_16,nemlig,lig,6.674523512,791.9699997551804
Part_19,nemlig,lig,6.991912587,1087.8000000121176
Part_8,nemlig,lig,7.014176232,1112.2899998028165
Part_18,nemlig,lig,6.71452241,824.2900002142537
Part_10,nemlig,lig,6.520135001,678.6700002839572
Part_17,nemlig,lig,7.18544762,1320.08000025801
Part_13,nemlig,lig,6.711168455,821.5299996926334
Part_5,nemlig,lig,6.446513155,630.4999997446637
Part_22,nemlig,lig,6.808619792,905.619999990304
Part_2,nemlig,lig,6.818596143,914.7000003088768
Part_7,nemlig,lig,7.066373109,1171.8899999099324
Part_20,nemlig,lig,6.856283021,949.8299997975204
Part_12,nemlig,lig,6.913210373,1005.4700001356669
Part_3,notere,ere,6.892479191,984.839999576892
Part_8,notere,ere,6.858974615,952.3900002213544
Part_12,notere,ere,7.405392314,1644.8299993517353
Part_4,notere,ere,6.846996273,941.0499998714782
Part_2,notere,ere,6.805201931,902.5300003142644
Part_21,notere,ere,6.84030051,934.7700002584238
Part_20,notere,ere,6.6512746720000004,773.7700001494052
Part_18,notere,ere,6.986945316,1082.4100004950376
Part_11,notere,ere,6.929164458,1021.6399997756104
Part_17,notere,ere,6.646195691,769.8500002494869
Part_19,notere,ere,6.75349626,857.0500000402251
Part_16,notere,ere,6.642943021,767.3500002907457
Part_10,notere,ere,6.739076238,844.7799996373077
Part_22,notere,ere,7.14307243,1265.309999458403
Part_15,notere,ere,6.693596246,807.2200002103683
Part_14,notere,ere,6.531416841,686.3700000515478
Part_5,notere,ere,6.409516771,607.6000001691449
Part_1,notere,ere,6.999641422,1096.2400003968985
Part_7,notere,ere,6.95720237,1050.6899998057372
Part_13,notere,ere,6.726581064,834.2900002168602
Part_9,notere,ere,6.885622138,978.1099998555624
Part_6,notere,ere,6.620233194,750.1200002012412
Part_16,nydelig,lig,6.784581489,884.1099997476153
Part_3,nydelig,lig,6.721401604,829.9799999047361
Part_15,nydelig,lig,6.680139241,796.4300000052799
Part_21,nydelig,lig,6.832223216,927.2499996571956
Part_22,nydelig,lig,6.875015122,967.7900003944084
Part_14,nydelig,lig,6.769596052,870.9600003719654
Part_1,nydelig,lig,6.811761866,908.4700001571168
Part_13,nydelig,lig,6.978782081,1073.610000397157
Part_4,nydelig,lig,6.739750743,845.3500001834618
Part_7,nydelig,lig,6.655813511,777.2899999162487
Part_19,nydelig,lig,6.773995289,874.8000001726745
Part_18,nydelig,lig,6.833559611,928.4900003012694
Part_10,nydelig,lig,6.784027106,883.6200000299318
Part_2,nydelig,lig,6.876274932,969.0100002374496
Part_11,nydelig,lig,6.863510768,956.7200003247568
Part_5,nydelig,lig,6.59460496,731.1400000875099
Part_8,nydelig,lig,7.034079512,1134.6499996418688
Part_20,nydelig,lig,6.859195088,952.5999996506245
Part_6,nydelig,lig,6.666689581,785.78999987511
Part_17,nydelig,lig,6.937547064,1030.2400002164811
Part_12,nydelig,lig,6.723327506,831.5800002739217
Part_9,nydelig,lig,6.66345193,783.2500001313501
Part_12,orientere,ere,6.926066599,1018.4800002511678
Part_11,orientere,ere,6.928243945,1020.6999995820718
Part_19,orientere,ere,6.968502246,1062.6299997287765
Part_2,orientere,ere,6.831435632,926.5199998992642
Part_10,orientere,ere,6.475756239,649.2099999380449
Part_17,orientere,ere,6.909134328,1001.380000343218
Part_20,orientere,ere,7.299128224,1479.009999980534
Part_4,orientere,ere,7.568503227,1936.2399998152737
Part_22,orientere,ere,7.071080883,1177.4199999640975
Part_6,orientere,ere,6.683260816,798.9200003219877
Part_16,orientere,ere,6.8742502,967.049999589256
Part_3,orientere,ere,6.958163182,1051.700000498524
Part_1,orientere,ere,7.130970828,1250.0900003694371
Part_18,orientere,ere,7.015523893,1113.7900001752182
Part_15,orientere,ere,6.978986976,1073.8300002558535
Part_8,orientere,ere,6.916149945,1008.4300000298432
Part_21,orientere,ere,6.918784236,1011.0900001720152
Part_7,orientere,ere,6.61118045,743.3600003106915
Part_14,orientere,ere,7.145290768,1268.1200003254926
Part_13,orientere,ere,6.748360875,852.6600001433964
Part_5,orientere,ere,6.70638545,817.609999759289
Part_9,orientere,ere,6.925428189,1017.8299999396328
Part_12,parkere,ere,6.805290566,902.6099996061586
Part_7,parkere,ere,6.753076126,856.6899998249684
Part_6,parkere,ere,6.547330456,697.3800000811251
Part_10,parkere,ere,7.204335148,1345.2499995028911
Part_18,parkere,ere,6.54412765,695.1500002672489
Part_22,parkere,ere,7.01954707,1118.2800004634548
Part_8,parkere,ere,6.931159257,1023.6800002445028
Part_19,parkere,ere,6.638803364,764.1800003737251
Part_21,parkere,ere,6.781783809,881.6399996295471
Part_15,parkere,ere,6.706409912,817.6300003797296
Part_11,parkere,ere,6.5832709,722.8999999954806
Part_16,parkere,ere,6.726640993,834.339999880483
Part_17,parkere,ere,6.807979142,905.0400003455338
Part_14,parkere,ere,6.916615907,1008.8999995819786
Part_9,parkere,ere,6.821914126,917.7399999045426
Part_5,parkere,ere,6.689537078,803.9499998469113
Part_3,parkere,ere,6.828679604,923.9700003860952
Part_4,parkere,ere,7.08421804,1192.9900001990954
Part_1,parkere,ere,7.041525393,1143.129999873782
Part_13,parkere,ere,6.583492206,723.0599998066858
Part_2,parkere,ere,6.769653458,871.0100001368761
Part_20,parkere,ere,6.622829405,752.0700002075164
Part_14,punktere,ere,6.847548695,941.5700002110972
Part_15,punktere,ere,6.767389154,869.0399998909394
Part_6,punktere,ere,6.652385496,774.6300000018572
Part_3,punktere,ere,6.587880539,726.2400002119495
Part_9,punktere,ere,6.785271211,884.7200002060476
Part_21,punktere,ere,6.795034409,893.4000000732427
Part_16,punktere,ere,6.552236809,700.8100000513222
Part_2,punktere,ere,6.670183134,788.5399997246976
Part_7,punktere,ere,7.39055173,1620.599999956852
Part_4,punktere,ere,6.939428349,1032.1799995489343
Part_5,punktere,ere,6.527840952,683.9200001928804
Part_18,punktere,ere,6.506561038,669.5200001843734
Part_10,punktere,ere,6.66574741,785.0499999830972
Part_8,punktere,ere,6.803938016,901.3899996926208
Part_11,punktere,ere,6.740176511,845.7099997950585
Part_13,punktere,ere,6.82748838,922.8700004495936
Part_22,punktere,ere,7.533239061,1869.1499998934837
Part_20,punktere,ere,6.505933526,669.100000141333
Part_1,punktere,ere,6.861658983,954.9499999148532
Part_12,punktere,ere,6.879870075,972.4999995209456
Part_19,punktere,ere,6.534239318,688.3100001050511
Part_17,punktere,ere,6.749017427,853.2199995860711
Part_16,ruinere,ere,6.664702345,784.2300002560036
Part_2,ruinere,ere,6.73567312,841.9099998582955
Part_6,ruinere,ere,6.685786038,800.9400000835411
Part_15,ruinere,ere,6.87837796,971.0499997363984
Part_5,ruinere,ere,6.582634372,722.4400003211516
Part_4,ruinere,ere,7.016125262,1114.4600003923222
Part_14,ruinere,ere,6.818104057,914.2499999730384
Part_21,ruinere,ere,6.851618696,945.4100001545618
Part_8,ruinere,ere,6.96772086,1061.7999998411854
Part_1,ruinere,ere,7.101717157,1214.050000081625
Part_10,ruinere,ere,6.688790484,803.3499996068855
Part_20,ruinere,ere,6.655530436,777.0699996892739
Part_11,ruinere,ere,6.965977016,1059.949999806812
Part_17,ruinere,ere,6.829534244,924.7599996416218
Part_22,ruinere,ere,6.942987279,1035.8600004633208
Part_19,ruinere,ere,7.154662231,1280.0600002367282
Part_7,ruinere,ere,6.973430654,1067.8800003665276
Part_18,ruinere,ere,6.96434353,1058.2199996716042
Part_13,ruinere,ere,6.673474943,791.139999796669
Part_9,ruinere,ere,6.89349407,985.8400003648912
Part_12,ruinere,ere,7.064690649,1169.9199995487902
Part_16,rullende,ende,6.643268764,767.5999998974911
Part_11,rullende,ende,6.697478593,810.3599996963165
Part_10,rullende,ende,6.717611206,826.8400000570227
Part_14,rullende,ende,6.885049441,977.5499995635244
Part_13,rullende,ende,6.669307716,787.8499996785139
Part_9,rullende,ende,6.70517387,816.6199996890274
Part_21,rullende,ende,7.090668327,1200.7099994272053
Part_17,rullende,ende,6.717925607,827.1000002498992
Part_8,rullende,ende,7.66620319,2134.959999734799
Part_3,rullende,ende,6.857682292,951.1599996692848
Part_1,rullende,ende,7.140904605,1262.5699998017492
Part_7,rullende,ende,7.118631898,1234.7599997612406
Part_12,rullende,ende,6.849246542,943.1699999042272
Part_6,rullende,ende,6.584017612,723.4399996873116
Part_19,rullende,ende,6.668596668,787.2899996289947
Part_20,rullende,ende,6.435108159,623.3500001302904
Part_18,rullende,ende,6.643229681,767.5700003729347
Part_2,rullende,ende,6.5583396370000004,705.1000001939065
Part_4,sangbar,bar,6.738555257,844.3399999340113
Part_13,sangbar,bar,6.626717749,754.9999998119863
Part_3,sangbar,bar,6.66771986,786.6000000018021
Part_2,sangbar,bar,6.867474804,960.5199995388416
Part_17,sangbar,bar,6.685786038,800.9400000835411
Part_11,sangbar,bar,6.861145736,954.4600004483816
Part_20,sangbar,bar,6.635644673,761.7700001110144
Part_22,sangbar,bar,6.958942568,1052.520000261772
Part_21,sangbar,bar,7.061334367,1166.000000104429
Part_1,sangbar,bar,7.155169891,1280.7100004720487
Part_19,sangbar,bar,6.736670354,842.7499999037833
Part_12,sangbar,bar,6.528104106,684.1000001594277
Part_8,sangbar,bar,7.112555618,1227.2800005688223
Part_9,sangbar,bar,6.75732766,860.3400000387126
Part_14,sangbar,bar,7.44717419,1715.009999165081
Part_7,sangbar,bar,7.065835371,1171.2599995279154
Part_6,sangbar,bar,6.599053839,734.3999997750673
Part_18,sangbar,bar,6.602085731,736.6300001110261
Part_16,sangbar,bar,6.49992237,665.0900001035473
Part_10,sangbar,bar,6.720364897,829.1199996901202
Part_15,sangbar,bar,6.608230019,741.1700002323454
Part_5,sangbar,bar,6.615757239,746.7699996544613
Part_15,sejlende,ende,6.880137392,972.76000005305
Part_10,sejlende,ende,6.963606172,1057.440000293818
Part_9,sejlende,ende,6.857608695,951.0899997227136
Part_12,sejlende,ende,7.13980307,1261.1800004640272
Part_16,sejlende,ende,6.831910415,926.9600002884638
Part_17,sejlende,ende,7.339946703,1540.630000520896
Part_8,sejlende,ende,6.947081756,1040.1100002360877
Part_21,sejlende,ende,6.882970662,975.5199998443989
Part_20,sejlende,ende,6.742715528,847.8600001503171
Part_7,sejlende,ende,6.737939202,843.8200002460018
Part_1,sejlende,ende,6.841348347,935.7500002016184
Part_14,sejlende,ende,7.343283916,1545.779999529021
Part_19,sejlende,ende,6.858008157,951.4699999289518
Part_3,sejlende,ende,6.839069503,933.6199998192352
Part_6,sejlende,ende,6.617336131,747.9500001342795
Part_11,sejlende,ende,6.828809469,924.0899995418716
Part_5,sejlende,ende,6.651868987,774.2299999458936
Part_2,sejlende,ende,6.775742732,876.3299997135418
Part_18,sejlende,ende,6.729238475,836.510000060189
Part_22,sejlende,ende,7.2572072,1418.2900005939623
Part_4,sejlende,ende,6.895814268,988.1299999609826
Part_15,skubbende,ende,6.821707074,917.5499996727248
Part_14,skubbende,ende,6.881021084,973.6200002146832
Part_12,skubbende,ende,6.964059995,1057.91999979624
Part_13,skubbende,ende,6.703740108,815.4499999160682
Part_10,skubbende,ende,7.022645245,1121.7500001614276
Part_11,skubbende,ende,6.848132655,942.120000001729
Part_17,skubbende,ende,7.221806606,1368.9599993785116
Part_21,skubbende,ende,7.086746296,1196.0100003831592
Part_16,skubbende,ende,6.908924595,1001.1699999343836
Part_9,skubbende,ende,6.841786402,936.1599999626231
Part_22,skubbende,ende,7.098177272,1209.7600002299032
Part_18,skubbende,ende,6.7677228,869.3299999867385
Part_19,skubbende,ende,6.767147479,868.8300000258467
Part_6,skubbende,ende,7.016627621,1115.0200000523162
Part_4,skubbende,ende,6.99195855,1087.8499997125773
Part_20,skubbende,ende,6.736539821,842.6400003974848
Part_5,skubbende,ende,6.665237758,784.6499996196568
Part_2,skubbende,ende,6.990790428,1086.5800000968698
Part_7,skubbende,ende,6.742420624,847.6099997097099
Part_3,skubbende,ende,6.856167204,949.719999706497
Part_1,skubbende,ende,6.906364312,998.6099999640536
Part_10,smilende,ende,6.626783972,755.0499998325314
Part_8,smilende,ende,6.929330843,1021.8099994892822
Part_9,smilende,ende,6.836409642,931.1400000823232
Part_15,smilende,ende,6.833699613,928.6199998581784
Part_14,smilende,ende,7.359887665,1571.66000061467
Part_12,smilende,ende,6.839958121,934.4500000782024
Part_6,smilende,ende,6.706373219,817.5999996325376
Part_4,smilende,ende,6.892113583,984.4800000076988
Part_13,smilende,ende,6.643229681,767.5700003729347
Part_16,smilende,ende,6.704745183,816.2700003366666
Part_11,smilende,ende,6.736646622,842.7299999981055
Part_5,smilende,ende,6.596285851,732.370000191847
Part_22,smilende,ende,6.706446602,817.659999774779
Part_1,smilende,ende,6.924494395,1016.8800000138158
Part_7,smilende,ende,6.60091757,735.7700000805106
Part_2,smilende,ende,6.751873101,855.6600000199109
Part_3,smilende,ende,6.925889849,1018.2999998191297
Part_17,smilende,ende,6.990044692,1085.7700003344464
Part_19,smilende,ende,6.663209321,783.0599996809099
Part_18,smilende,ende,6.607042001,740.2899997627103
Part_21,smilende,ende,6.894984073,987.3099998027776
Part_20,smilende,ende,6.564546402,709.4899999517047
Part_1,smF8rbar,bar,6.841091835,935.509999880364
Part_3,smF8rbar,bar,6.71074233,821.1799997986632
Part_20,smF8rbar,bar,7.016179098,1114.5200000759603
Part_17,smF8rbar,bar,6.940899878,1033.7000004399022
Part_4,smF8rbar,bar,6.958381851,1051.929999831879
Part_10,smF8rbar,bar,7.333206004,1530.2799997264233
Part_13,smF8rbar,bar,6.86171134,954.9999995409028
Part_22,smF8rbar,bar,6.924228842,1016.6100003303716
Part_6,smF8rbar,bar,6.691785931,805.7599996648622
Part_9,smF8rbar,bar,6.747692155,852.0899999546048
Part_14,smF8rbar,bar,6.885857258,978.3400001164996
Part_11,smF8rbar,bar,6.875572938,968.3299997374036
Part_16,smF8rbar,bar,6.730528721,837.5900003249112
Part_8,smF8rbar,bar,7.143822953,1266.2600001692242
Part_12,smF8rbar,bar,6.677939518,794.6800000795768
Part_19,smF8rbar,bar,6.774132454,874.9200003444217
Part_15,smF8rbar,bar,6.830182851,925.3600000118944
Part_7,smF8rbar,bar,6.710437844,820.9300000478879
Part_5,smF8rbar,bar,6.787303686,886.5200000962109
Part_21,smF8rbar,bar,6.838587392,933.1699998311906
Part_2,smF8rbar,bar,6.921835683,1014.1799998071627
Part_18,smF8rbar,bar,6.662442803,782.4600000806989
Part_16,spillede,ede,6.619326261,749.4400000230097
Part_15,spillede,ede,6.690792587,804.9600002068678
Part_13,spillede,ede,6.779228485,879.3899997428038
Part_11,spillede,ede,6.872573598,965.4300000525604
Part_10,spillede,ede,6.983094636,1078.2500005089848
Part_14,spillede,ede,6.874425977,967.2199996776488
Part_12,spillede,ede,6.744082743,849.0199998642304
Part_1,spillede,ede,6.931149488,1023.6699999634268
Part_9,spillede,ede,6.861658983,954.9499999148532
Part_2,spillede,ede,6.80013666,897.9699998457544
Part_17,spillede,ede,7.226630739,1375.5799995292616
Part_7,spillede,ede,6.977579805,1072.3200004836751
Part_20,spillede,ede,6.710778862,821.2099996943899
Part_8,spillede,ede,6.943334755,1036.2199994947323
Part_18,spillede,ede,6.747328278,851.7800004059648
Part_3,spillede,ede,6.831910415,926.9600002884638
Part_4,spillede,ede,6.761815795,864.2100001500315
Part_19,spillede,ede,6.757304413,860.3199999472039
Part_6,spillede,ede,6.74133463,846.6899999831958
Part_21,spillede,ede,6.898351199,990.6400000922852
Part_22,spillede,ede,7.279642921,1450.470000254841
Part_5,spillede,ede,6.831597515,926.669999877304
Part_7,strejkende,ende,6.786581501,885.8799997770728
Part_6,strejkende,ende,6.775959522,876.5199998885042
Part_15,strejkende,ende,6.854386147,948.0299996929028
Part_13,strejkende,ende,6.943604932,1036.5000001286985
Part_11,strejkende,ende,6.856051374,949.610000009686
Part_12,strejkende,ende,6.940890204,1033.6900004744675
Part_4,strejkende,ende,6.828430647,923.7400002179728
Part_2,strejkende,ende,7.063022478,1167.9699998518988
Part_9,strejkende,ende,6.922850767,1015.210000378194
Part_16,strejkende,ende,6.967607838,1061.67999986305
Part_14,strejkende,ende,6.784909449,884.400000014777
Part_22,strejkende,ende,6.998947902,1095.4799996001614
Part_10,strejkende,ende,6.784909449,884.400000014777
Part_18,strejkende,ende,6.786762096,886.0399997227935
Part_5,strejkende,ende,6.76137599,863.8299998400589
Part_8,strejkende,ende,6.954409831,1047.7599999778429
Part_20,strejkende,ende,6.960290801,1053.9399994890955
Part_3,strejkende,ende,6.969762474,1063.9699999836498
Part_1,strejkende,ende,7.113589891,1228.5499997865893
Part_21,strejkende,ende,7.043212316,1145.0599995853263
Part_19,strejkende,ende,6.97228755,1066.6599998931451
Part_1,stridbar,bar,6.828928498,924.1999995968952
Part_15,stridbar,bar,6.798063173,896.1099997341092
Part_19,stridbar,bar,6.807835491,904.9099997820232
Part_14,stridbar,bar,7.34522926,1548.7900001705243
Part_5,stridbar,bar,6.665021078,784.4800000761546
Part_12,stridbar,bar,6.833979559,928.8799997039192
Part_2,stridbar,bar,6.810726623,907.5299995971956
Part_4,stridbar,bar,7.059299708,1163.6299995992642
Part_16,stridbar,bar,6.775103499,875.7699996631598
Part_20,stridbar,bar,6.92818516,1020.639999496166
Part_17,stridbar,bar,6.9417024959999996,1034.5299997084746
Part_3,stridbar,bar,7.039029125,1140.2799996973242
Part_22,stridbar,bar,6.815826376,912.1699998065036
Part_7,stridbar,bar,7.263911088,1427.829999723356
Part_8,stridbar,bar,7.137937997,1258.8299998395846
Part_21,stridbar,bar,6.848355532,942.3300002822168
Part_9,stridbar,bar,6.879715822,972.3500000477504
Part_11,stridbar,bar,6.940493488,1033.2800004444034
Part_6,stridbar,bar,6.792669852,891.2900004395782
Part_18,stridbar,bar,6.835152328,929.970000406878
Part_13,stridbar,bar,6.853626389,947.309999863846
Part_10,stridbar,bar,6.78828457,887.3899999947213
Part_17,tydelig,lig,6.744577309,849.4400001398509
Part_3,tydelig,lig,6.681042867,797.150000116883
Part_1,tydelig,lig,6.685786038,800.9400000835411
Part_7,tydelig,lig,6.875025454,967.7999996523488
Part_18,tydelig,lig,6.833494988,928.4300004306864
Part_19,tydelig,lig,6.511210268,672.6399998328278
Part_5,tydelig,lig,6.433358012,622.2600001059724
Part_10,tydelig,lig,6.646870919,770.3700000649163
Part_20,tydelig,lig,6.665135797,784.5699999995352
Part_21,tydelig,lig,6.689847994,804.1999996275157
Part_4,tydelig,lig,6.718674933,827.7200000466602
Part_8,tydelig,lig,6.885949246,978.4299997958124
Part_12,tydelig,lig,6.72768319,835.2099998022445
Part_6,tydelig,lig,6.42577623,617.560000139738
Part_13,tydelig,lig,6.756385728,859.529999804255
Part_14,tydelig,lig,6.569944146,713.329999686368
Part_22,tydelig,lig,7.37207403,1590.9300001845306
Part_15,tydelig,lig,6.641338815,766.1199996671513
Part_11,tydelig,lig,6.706373219,817.5999996325376
Part_16,tydelig,lig,6.65720199,778.3700003635042
Part_9,tydelig,lig,6.58524709,724.3300002571958
Part_6,vandrende,ende,6.671982311,789.9599997884599
Part_4,vandrende,ende,7.283262772,1455.7299999997804
Part_7,vandrende,ende,6.584598004,723.8600003463313
Part_9,vandrende,ende,6.719797871,828.6500003566899
Part_13,vandrende,ende,7.079883392,1187.82999995243
Part_17,vandrende,ende,7.191670265,1328.3200001797563
Part_2,vandrende,ende,6.814290396,910.7700003909952
Part_22,vandrende,ende,6.614832833,746.0799999552274
Part_15,vandrende,ende,6.765822983,867.679999919522
Part_11,vandrende,ende,6.81148664,908.2199999977032
Part_16,vandrende,ende,6.635631545,761.759999660096
Part_14,vandrende,ende,6.565363557,710.0700001953905
Part_20,vandrende,ende,6.584584189,723.850000289502
Part_3,vandrende,ende,6.764069649,866.1599999977105
Part_12,vandrende,ende,7.340446373,1541.3999994699232
Part_10,vandrende,ende,6.664715096,784.2400000364902
Part_8,vandrende,ende,6.820191022,916.1600000826836
Part_18,vandrende,ende,6.666893177,785.949999863051
Part_1,vandrende,ende,6.566841192,711.1200000473468
Part_19,vandrende,ende,6.610453754,742.8199998037738
Part_5,vandrende,ende,6.523253889,680.7900003066003
Part_21,vandrende,ende,6.837783357,932.4200000438204
Part_2,ventilere,ere,6.699635799,812.1100000267874
Part_11,ventilere,ere,6.953340312,1046.639999787929
Part_8,ventilere,ere,6.971133753,1065.430000506503
Part_14,ventilere,ere,6.789140648,888.1500003144986
Part_20,ventilere,ere,6.7641389179999996,866.2200001128003
Part_4,ventilere,ere,6.908874652,1001.1199997496664
Part_3,ventilere,ere,6.93717815,1029.8600003549857
Part_10,ventilere,ere,6.989759139,1085.4599997164512
Part_19,ventilere,ere,6.792512763,891.1499995812845
Part_7,ventilere,ere,6.918121365,1010.4200000188808
Part_1,ventilere,ere,6.973477474,1067.9299996786192
Part_22,ventilere,ere,6.941122355,1033.9300004988131
Part_18,ventilere,ere,6.761526471,863.9599996232678
Part_9,ventilere,ere,6.869492507,962.46000013782
Part_6,ventilere,ere,7.129217418,1247.9000006067176
Part_15,ventilere,ere,6.767596258,869.2200001898246
Part_13,ventilere,ere,6.846921885,940.9799996477084
Part_17,ventilere,ere,6.597432155,733.2100002082551
Part_12,ventilere,ere,6.790659507,889.499999905811
Part_16,ventilere,ere,6.788374718,887.4700000343084
Part_5,ventilere,ere,6.643281792,767.6100002554317
Part_21,ventilere,ere,6.932711272,1025.2700004930402
Part_2,virkelig,lig,6.783483738,883.1399996179977
Part_18,virkelig,lig,6.870458314,963.3899997709602
Part_19,virkelig,lig,6.671045116,789.2200000426533
Part_10,virkelig,lig,7.070775083,1177.059999974913
Part_20,virkelig,lig,6.467481311,643.8599998924169
Part_9,virkelig,lig,6.626055278,754.4999998431367
Part_7,virkelig,lig,6.706409912,817.6300003797296
Part_4,virkelig,lig,6.652256394,774.5300001748247
Part_17,virkelig,lig,6.858964115,952.380000178852
Part_8,virkelig,lig,6.752877668,856.5199997104826
Part_6,virkelig,lig,6.61361238,745.1699998002058
Part_13,virkelig,lig,6.562938322,708.3500001237062
Part_5,virkelig,lig,6.661944251,782.0700003084
Part_14,virkelig,lig,6.800860253,898.6199997911971
Part_11,virkelig,lig,6.685761067,800.9200000605101
Part_16,virkelig,lig,6.570098341,713.4400000862071
Part_22,virkelig,lig,6.857629724,951.1100004046144
Part_12,virkelig,lig,6.517198488,676.6800002658737
Part_1,virkelig,lig,6.759139255,861.9000002987746
Part_21,virkelig,lig,6.76492363,866.900000108714
Part_3,virkelig,lig,6.671450497,789.5399996919974
Part_6,vrE6ngende,ende,6.765799933,867.6600001260229
Part_2,vrE6ngende,ende,6.774612382,875.3399997270171
Part_9,vrE6ngende,ende,6.657304763,778.4499998943771
Part_14,vrE6ngende,ende,7.077211093,1184.660000511017
Part_22,vrE6ngende,ende,6.870655515,963.5799999758044
Part_20,vrE6ngende,ende,6.781545589,881.4300003628412
Part_16,vrE6ngende,ende,6.664702345,784.2300002560036
Part_8,vrE6ngende,ende,7.132457615,1251.950000300042
Part_13,vrE6ngende,ende,6.658357584,779.2699999826295
Part_5,vrE6ngende,ende,6.833128711,928.0900001463616
Part_3,vrE6ngende,ende,7.096497844,1207.7300005085538
Part_11,vrE6ngende,ende,6.736848327,842.8999999971031
Part_12,vrE6ngende,ende,6.894355907,986.6899999812326
Part_7,vrE6ngende,ende,6.650291985,773.0099999116042
Part_10,vrE6ngende,ende,6.730552598,837.6099997001107
Part_1,vrE6ngende,ende,6.791423689,890.1799995834041
Part_21,vrE6ngende,ende,6.917170813,1009.4599996044636
Part_19,vrE6ngende,ende,7.063065287,1168.0200005498546
Part_17,vrE6ngende,ende,6.988274796,1083.849999955635
Part_18,vrE6ngende,ende,6.920543164,1012.8699996703992
Part_12,vE6ltede,ede,6.712579459,822.6899999983981
Part_15,vE6ltede,ede,6.803549652,901.040000234774
Part_11,vE6ltede,ede,7.309192285,1493.9699997462264
Part_14,vE6ltede,ede,7.075961008,1183.1800000701887
Part_13,vE6ltede,ede,6.627393018,755.5100000811659
Part_6,vE6ltede,ede,6.614484284,745.8199998313469
Part_10,vE6ltede,ede,6.480473918,652.2800002654284
Part_9,vE6ltede,ede,6.718493696,827.5700001501882
Part_8,vE6ltede,ede,6.909863056,1002.109999941376
Part_19,vE6ltede,ede,6.689450004,803.8799997522633
Part_17,vE6ltede,ede,6.652269305,774.5400001962118
Part_16,vE6ltede,ede,6.644037098,768.1899997052435
Part_1,vE6ltede,ede,7.222675502,1370.1500001647244
Part_7,vE6ltede,ede,6.645338013,769.189999915315
Part_18,vE6ltede,ede,6.731268666,838.2100002123217
Part_2,vE6ltede,ede,6.714801399,824.52000013935594
Part_21,vE6ltede,ede,6.804559086,901.949999861382
Part_4,vE6ltede,ede,6.70638545,817.609999759289
Part_5,vE6ltede,ede,6.646637238,770.1900002650168
Part_22,vE6ltede,ede,6.753764586,857.2799996945992
Part_20,vE6ltede,ede,6.538168767,691.020000062972
Part_3,vE6ltede,ede,6.676226671,793.3199998941022
Part_7,E5benbar,bar,6.955058624,1048.4399998972494
Part_1,E5benbar,bar,6.803516356,901.009999706378
Part_2,E5benbar,bar,6.747398716,851.8400001987411
Part_5,E5benbar,bar,6.593564947,730.3800002559543
Part_17,E5benbar,bar,6.974469556,1068.989999525004
Part_11,E5benbar,bar,6.745201055,849.9700002177086
Part_14,E5benbar,bar,6.893615786,985.9600001691754
Part_9,E5benbar,bar,6.794788128,893.1799997198902
Part_18,E5benbar,bar,6.699056892,811.6399999193037
Part_12,E5benbar,bar,7.114598702,1229.789999898138
Part_21,E5benbar,bar,6.803516356,901.009999706378
Part_8,E5benbar,bar,6.875025454,967.7999996523488
Part_4,E5benbar,bar,6.898865885,991.1499998649858
Part_20,E5benbar,bar,6.744129855,849.0599998366959
Part_16,E5benbar,bar,6.936294144,1028.950000217563
Part_6,E5benbar,bar,6.674334093,791.8199997966659
Part_3,E5benbar,bar,6.826284886,921.7600000146808
Part_19,E5benbar,bar,6.770800892,872.010000232711
Part_10,E5benbar,bar,6.86294618,956.1800001463675
Part_13,E5benbar,bar,6.645987836,769.6899997067175
Part_15,E5benbar,bar,6.78486422,884.3600003917551
Part_22,E5benbar,bar,6.918902913,1011.21000042046
